<?xml version="1.0" encoding="UTF-8"?>
<project-private xmlns="http://www.netbeans.org/ns/project-private/1">
    <editor-bookmarks xmlns="http://www.netbeans.org/ns/editor-bookmarks/2" lastBookmarkId="0"/>
    <open-files xmlns="http://www.netbeans.org/ns/projectui-open-files/2">
        <group>
            <file>file:/home/aca/NetBeansProjects/AppTemplateMVC/src/controller/userInformation/GestionarDonacionesBibliograficasController.java</file>
            <file>file:/home/aca/NetBeansProjects/AppTemplateMVC/src/view/MainJFrame.java</file>
            <file>file:/home/aca/NetBeansProjects/AppTemplateMVC/src/controller/FrontController.java</file>
            <file>file:/home/aca/NetBeansProjects/AppTemplateMVC/src/view/userInformation/GestionarDonacionesBibliograficasDialog.java</file>
        </group>
    </open-files>
</project-private>
