<?xml version="1.0" encoding="UTF-8"?>
<project-private xmlns="http://www.netbeans.org/ns/project-private/1">
    <editor-bookmarks xmlns="http://www.netbeans.org/ns/editor-bookmarks/2" lastBookmarkId="0"/>
    <open-files xmlns="http://www.netbeans.org/ns/projectui-open-files/2">
        <group>
            <file>file:/home/aca/NetBeansProjects/Ald_aac/src/model/Ald/Computer.java</file>
            <file>file:/home/aca/NetBeansProjects/Ald_aac/src/model/Ald/Laptop.java</file>
            <file>file:/home/aca/NetBeansProjects/Ald_aac/src/model/Ald/DesktopComputer.java</file>
            <file>file:/home/aca/NetBeansProjects/Ald_aac/src/view/computersManagement/ComputersManagementDialog.java</file>
            <file>file:/home/aca/NetBeansProjects/Ald_aac/src/model/Ald/Ald.java</file>
            <file>file:/home/aca/NetBeansProjects/Ald_aac/src/model/Ald/AllInOne.java</file>
            <file>file:/home/aca/NetBeansProjects/Ald_aac/src/main/Main.java</file>
            <file>file:/home/aca/NetBeansProjects/Ald_aac/src/controller/computersManagement/ComputersManagementController.java</file>
        </group>
    </open-files>
</project-private>
